[
  {
    "imedia": 0,
    "title": "서울의 봄",
    "date": "2024-01-12",
    "pic": "https://search.pstatic.net/common?quality=75&direct=true&src=https%3A%2F%2Fmovie-phinf.pstatic.net%2F20231024_142%2F1698122082564p5VEc_JPEG%2Fmovie_image.jpg",
    "sawInfo": {
      "star": 7,
      "comment": "존잼"
    }
  },

  {
    "imedia": 1,
    "title": "3일의 휴가",
    "date": "2023-12-06",
    "pic": "https://search.pstatic.net/common/?src=http%3A%2F%2Fblogfiles.naver.net%2FMjAyMzExMTRfMjAw%2FMDAxNjk5OTUxNzg4Nzg3.JUWbz0rtDaAo9ZJWl0IIKlBHQfnt7dVtI_j0rRBMmhEg.z0zTPCtJMQXlPaMBWAG5JskfVHWpnAKVLI2VKLkEqhQg.PNG.newmiseon%2Fimage.png&type=sc960_832",
    "sawInfo": {
      "star": 5,
      "comment": "ㅎㅎ"
    }
  },
  {
    "imedia": 2,
    "title": "괴물",
    "date": "2023-11-29",
    "pic": "https://search.pstatic.net/common?quality=75&direct=true&src=https%3A%2F%2Fmovie-phinf.pstatic.net%2F20231130_162%2F1701308134241kbHHU_JPEG%2Fmovie_image.jpg",
    "sawInfo": {
      "star": 4,
      "comment": "ㅎㅎ"
    }
  },
  {
    "imedia": 3,
    "title": "나폴레옹",
    "date": "2023-12-06",
    "pic": "https://search.pstatic.net/common?quality=75&direct=true&src=https%3A%2F%2Fmovie-phinf.pstatic.net%2F20231207_33%2F1701877811469ojHV9_JPEG%2Fmovie_image.jpg",
    "sawInfo": {
      "star": 2,
      "comment": "ㅎㅎ"
    }
  },
  {
    "imedia": 4,
    "title": "뽀로로 극장판 슈퍼스타 대모험",
    "date": "2023-12-13",
    "pic": "https://search.pstatic.net/common?quality=75&direct=true&src=https%3A%2F%2Fmovie-phinf.pstatic.net%2F20231106_145%2F169919951043106bD7_JPEG%2Fmovie_image.jpg",
    "sawInfo": {
      "star": 1,
      "comment": "ㅎㅎ"
    }
  }
]
